hh_g02,unit,region,kg_convwt0,kg_convwt1
101,21,1,2.95,2.95275
101,21,2,2.1,2.1
101,21,3,3.81,3.8055
101,4,1,1.93,1.933333
101,4,2,5.13,5.13225
101,4,3,5.15,5.149
101,4A,1,1.93,4.703706
101,4A,2,5.13,5.13225
101,4A,3,5.15,5.149
101,4B,1,13.72,13.7175
101,4B,2,13.72,13.7175
101,4B,3,13.72,13.7175
101,4C,1,15.19,15.186
101,4C,2,15.19,15.186
101,4C,3,15.19,15.186
101,5,1,15.19,15.186
101,5,2,15.19,15.186
101,5,3,15.19,15.186
101,6,1,,.215725
101,6,2,,.2585833
101,6,3,,.2089375
101,7,1,.35,.380451
101,7,2,.31,.3161539
101,7,3,.3,.3300741
102,21,1,7.76,7.7605
102,21,2,7.76,7.7605
102,21,3,7.76,7.7605
102,4,1,1.83,1.833333
102,4,2,5.02,5.0155
102,4,3,3.11,3.1062
102,4A,1,1.83,4.309722
102,4A,2,5.02,5.0155
102,4A,3,3.11,3.1062
102,4B,1,13.74,13.7395
102,4B,2,13.74,13.7395
102,4B,3,13.74,13.7395
102,4C,1,15.19,15.186
102,4C,2,15.19,15.186
102,4C,3,15.19,15.186
102,5,1,15.19,15.186
102,5,2,15.19,15.186
102,5,3,15.19,15.186
102,6,1,,.2138158
102,6,2,,.2168235
102,6,3,,.168
102,7,1,.33,.3704706
102,7,2,.27,.3210833
102,7,3,.24,.2661786
103,4,1,1.64,1.64
103,4,2,1.64,1.64
103,4,3,1.64,1.64
103,4A,1,1.64,1.64
103,4A,2,1.64,1.64
103,4A,3,1.64,1.64
103,4B,1,11.38,11.382
103,4B,2,11.38,11.382
103,4B,3,11.38,11.382
103,4C,1,17.67,17.66667
103,4C,2,17.67,17.66667
103,4C,3,17.67,17.66667
103,5,1,17.67,17.66667
103,5,2,17.67,17.66667
103,5,3,17.67,17.66667
104,16,1,.3,.2956667
104,16,2,.3,.2956667
104,16,3,.3,.2956667
104,21,1,4.05,4.053091
104,21,2,4.65,4.649615
104,21,3,3.67,3.66535
104,4,1,4.38,4.37875
104,4,2,4.47,4.474571
104,4,3,4.26,4.259666
104,4A,1,4.38,4.37875
104,4A,2,4.47,4.474571
104,4A,3,4.26,4.259666
104,4B,1,9.19,9.187768999999999
104,4B,2,8.41,8.407875000000001
104,4B,3,6.77,6.7745
104,4C,1,18.49,18.49158
104,4C,2,16.46,16.45706
104,4C,3,17.6,17.6025
104,5,1,18.49,18.49158
104,5,2,16.46,16.45706
104,5,3,17.6,17.6025
104,6,1,.2,.2008
104,6,2,.2,.2008
104,6,3,.2,.2008
104,7,1,.33,.3343333
104,7,2,.26,.262
104,7,3,.37,.233
105,9,1,.38,
105,9,2,.33,
105,9,3,.34,
105,9A,1,.24,.2768378
105,9A,2,.19,.2862105
105,9A,3,.24,.2323448
105,9B,1,.38,.3007073
105,9B,2,.33,.3214
105,9B,3,.34,.7053437
105,9C,1,.53,.3927
105,9C,2,.42,.432
105,9C,3,.39,.8691579
106,16,1,.62,.6225000000000001
106,16,2,.52,.5205556
106,16,3,.42,.4211333
106,21,1,4.2,4.196
106,21,2,.96,.9645
106,21,3,1.78,1.775
106,4,1,2.48,5.218584
106,4,2,2.48,5.218584
106,4,3,2.48,5.218584
106,4B,1,5.88,5.876
106,4B,2,5.88,5.876
106,4B,3,5.88,5.876
106,5,1,,16.8802
106,5,2,,16.8802
106,5,3,,16.8802
106,6,1,.13,.2412549
106,6,2,.19,.219
106,6,3,.2,.2215
106,7,1,.34,.3329103
106,7,2,.32,.4131765
106,7,3,.25,.3004428
107,16,1,.25,.247
107,16,2,.25,.247
107,16,3,.25,.247
107,21,1,4.58,4.5815
107,21,2,3.54,3.54075
107,21,3,2.5,2.5
107,6,1,.2,.1456316
107,6,2,.09,.15525
107,6,3,.11,.0857436
107,7,1,.35,.267
107,7,2,.21,.178
107,7,3,.12,.12
108,21,1,2.17,2.172
108,21,2,2.17,2.172
108,21,3,2.17,2.172
108,6,1,.16,1.094585
108,6,2,.11,1.094585
108,6,3,.17,1.094585
108,7,1,.21,1.713939
108,7,2,.11,1.713939
108,7,3,.25,1.713939
109,4,1,3.87,3.87175
109,4,2,3.87,3.87175
109,4,3,3.87,3.87175
109,4B,1,10.27,10.265
109,4B,2,10.27,10.265
109,4B,3,10.27,10.265
110,4,1,,3.27812
110,4,2,,3.27812
110,4,3,,3.27812
110,9,1,1.01,1.006833
110,9,2,.91,.91325
110,9,3,1.01,1.0135
111,9,1,.5600000000000001,.5130909
111,9,2,.54,.5157625
111,9,3,.59,.545934
112,9,1,.14,.091931
112,9,2,.09,.0742222
112,9,3,.1,.1004457
113,22,1,.14,.1833279
113,22,2,.17,.0912453
113,22,3,.23,.1212545
113,9,1,.14,.1023108
113,9,2,.15,.0673125
113,9,3,.14,.0526154
114,22,1,.39,
114,22,2,.39,
114,22,3,.34,
114,9,1,.38,.4004565
114,9,2,.38,.42544
114,9,3,.4,.3933333
201,10,1,.98,
201,10,2,1.2,
201,10,3,1.12,
201,4,1,,4.498
201,4,2,,4.498
201,4,3,,4.498
201,5,1,,11.7808
201,5,2,,11.7808
201,5,3,,11.7808
201,9,1,.3,.2996154
201,9,2,.32,.31516
201,9,3,.36,.3602045
201,9A,1,.13,.177
201,9A,2,.18,.2442121
201,9A,3,.21,.2387826
201,9B,1,.3,.2351316
201,9B,2,.32,.3354359
201,9B,3,.36,.3708824
201,9C,1,.46,.3521111
201,9C,2,.5600000000000001,.4837778
201,9C,3,.68,.618371
202,4,1,4.01,4.33646
202,4,2,4.01,4.33646
202,4,3,4.01,4.33646
202,4A,1,4.01,4.008333
202,4A,2,4.01,4.008333
202,4A,3,4.01,4.008333
202,4B,1,10.03,10.025
202,4B,2,10.03,10.025
202,4B,3,10.03,10.025
202,5,1,,9.69
202,5,2,,9.69
202,5,3,,9.69
202,6,1,,.2449
202,6,2,,.2449
202,6,3,,.2449
202,7,1,.2,.4405
202,7,2,.26,.4405
202,7,3,.21,.4405
203,10,1,1.11,1.1058
203,10,2,1.82,1.819214
203,10,3,1.26,1.2637
203,10A,1,.7,1.264487
203,10A,2,1.18,.8437059
203,10A,3,.73,.7028621
203,10B,1,1.11,1.687275
203,10B,2,1.82,1.26125
203,10B,3,1.26,1.064908
203,10C,1,2.04,2.224662
203,10C,2,2.86,1.68322
203,10C,3,1.71,1.739698
203,4,1,4.79,4.793
203,4,2,4.79,4.793
203,4,3,4.79,4.793
203,4B,1,11.55,11.548
203,4B,2,11.55,11.548
203,4B,3,11.55,11.548
203,5,1,,10.87492
203,5,2,,10.87492
203,5,3,,10.87492
203,9,1,.15,.1465
203,9,2,.1,.100375
203,9,3,.19,.192625
203,9A,1,.07,.1275
203,9A,2,.03,.3309286
203,9A,3,.1,.7803333
203,9B,1,.15,.249
203,9B,2,.1,.5579091
203,9B,3,.19,.8979091
203,9C,1,.34,.3878947
203,9C,2,.3,.405
203,9C,3,.39,1.312905
204,10,1,1.16,1.162875
204,10,2,1.99,1.991583
204,10,3,1.11,1.114
204,10A,1,.73,1.14095
204,10A,2,1.16,1.029222
204,10A,3,.83,1.062241
204,10B,1,1.16,1.569714
204,10B,2,1.99,1.142563
204,10B,3,1.11,1.206151
204,10C,1,1.98,2.120042
204,10C,2,3.21,1.6156
204,10C,3,1.72,1.497958
204,4,1,,6.1094
204,4,2,,6.1094
204,4,3,,6.1094
204,9,1,.1,.0988
204,9,2,.07,.070125
204,9,3,.21,.2135
204,9A,1,.04,.142
204,9A,2,.02,.448
204,9A,3,.1,.414
204,9B,1,.1,.158
204,9B,2,.07,.773
204,9B,3,.21,1.1815
204,9C,1,.24,.183
204,9C,2,.19,.472
204,9C,3,.41,1.505
205,10,1,1.01,1.103829
205,10,2,.97,.5204820999999999
205,10,3,.87,.5942727
205,21,1,6.65,6.6465
205,21,2,6.97,6.96775
205,21,3,5.36,5.3615
205,4,1,3.01,5.1704
205,4,2,3.23,5.502429
205,4,3,4.49,4.8508
205,4A,1,3.01,3.005667
205,4A,2,3.23,3.231714
205,4A,3,4.49,4.494667
205,4B,1,9.31,9.311429
205,4B,2,8.24,8.2447
205,4B,3,6.71,6.70875
205,4C,1,18.02,18.0245
205,4C,2,19.62,19.62
205,4C,3,17.36,17.3625
205,5,1,18.02,18.0245
205,5,2,19.62,19.62
205,5,3,17.36,17.3625
206,22,1,.03,.0525769
206,22,2,.08,.1138
206,22,3,.04,.04725
206,9,1,.03,
206,9,2,.03,
206,9,3,.03,
207,10,1,,1.671348
207,10,2,,1.671348
207,10,3,,1.671348
207,4,1,,2.02
207,4,2,,2.02
207,4,3,,2.02
207,8,1,,2.0859
207,8,2,,2.0859
207,8,3,,2.0859
207,8A,1,1.68,1.683167
207,8A,2,1.55,1.5525
207,8A,3,1.36,1.3565
207,8C,1,9.42,9.420999999999999
207,8C,2,9.42,9.420999999999999
207,8C,3,9.42,9.420999999999999
207,9,1,.12,.25847
207,9,2,.12,.25847
207,9,3,.12,.25847
208,10,1,1.25,1.246
208,10,2,1.25,1.246
208,10,3,1.25,1.246
208,9,1,.74,.7353333
208,9,2,.61,.60625
208,9,3,.99,.9935
301,10,1,,.336
301,10,2,,.3343636
301,10,3,,.3993333
301,16,1,.48,.4838
301,16,2,.48,.4838
301,16,3,.48,.4838
301,4,1,,5.117157
301,4,2,,5.117157
301,4,3,,5.117157
301,6,1,.13,.2416515
301,6,2,.12,.1864667
301,6,3,.16,.164
301,7,1,.27,.3856125
301,7,2,.23,.22096
301,7,3,.3,.2915077
302,10,1,,.6356364
302,10,2,,.4169167
302,10,3,,.3346667
302,16,1,.31,.31325
302,16,2,.32,.3231667
302,16,3,.41,.41175
302,21,1,4.09,4.089
302,21,2,4.09,4.089
302,21,3,4.09,4.089
302,4,1,,5.117157
302,4,2,,5.117157
302,4,3,,5.117157
302,6,1,.15,.145077
302,6,2,.15,.145077
302,6,3,.15,.145077
302,6A,1,.13,.158
302,6A,2,.1,.122
302,6A,3,.12,.1325
302,6B,1,.23,.2750857
302,6B,2,.13,.1668125
302,6B,3,.16,.1966047
302,7,1,.24,.3529861
302,7,2,.23,.2306
302,7,3,.23,.28248
303,10,1,,.3006
303,10,2,,.29525
303,10,3,,.27475
303,16,1,.42,.4199
303,16,2,.42,.4199
303,16,3,.42,.4199
303,21,1,7.11,7.11
303,21,2,7.11,7.11
303,21,3,7.11,7.11
303,4,1,,5.087529
303,4,2,,5.087529
303,4,3,,5.087529
303,6,1,.13,.1301634
303,6,2,.13,.1301634
303,6,3,.13,.1301634
303,6A,1,.08,.149
303,6A,2,.1,.2578
303,6A,3,.07,.16608
303,6B,1,.13,.1682353
303,6B,2,.29,.2088571
303,6B,3,.11,.21965
303,7,1,.32,.2929667
303,7,2,.32,.3477143
303,7,3,.32,.2828889
304,10,1,.05,.2410625
304,10,2,.05,.1976111
304,10,3,.05,.1885
304,16,1,.31,.31
304,16,2,.36,.3555
304,16,3,.32,.3229167
304,21,1,.93,.9340000000000001
304,21,2,.93,.9340000000000001
304,21,3,.93,.9340000000000001
304,4,1,4.08,4.32574
304,4,2,4.08,4.32574
304,4,3,4.08,4.32574
304,5,1,,15.70593
304,5,2,,15.70593
304,5,3,,15.70593
304,6,1,.11,.1050625
304,6,2,.11,.1050625
304,6,3,.11,.1050625
304,6A,1,.09,.1202188
304,6A,2,.09,.0925714
304,6A,3,.08,.1497556
304,6B,1,.13,.20565
304,6B,2,.11,.1223684
304,6B,3,.12,.1761163
304,7,1,.25,.2790323
304,7,2,.17,.167
304,7,3,.22,.2168372
305,10,1,,.134
305,10,2,,.0708333
305,10,3,,.0448889
305,16,1,.45,
305,16,2,.45,
305,16,3,.45,
305,4,1,,3.727
305,4,2,,3.727
305,4,3,,3.727
305,6,1,.07,
305,6,2,.07,
305,6,3,.07,
305,6A,1,.06,.0812174
305,6A,2,.08,.0711333
305,6A,3,.05,.0524231
305,6B,1,.06,.1068958
305,6B,2,.09,.0935862
305,6B,3,.08,.0463243
305,7,1,.23,.1633889
305,7,2,.13,.1304706
305,7,3,.16,.0573478
306,6,1,.19,.1092187
306,6,2,.27,.1092187
306,6,3,.12,.1092187
306,7,1,.23,.1405385
306,7,2,.26,.1405385
306,7,3,.3,.1405385
307,16,1,.48,
307,16,2,.48,
307,16,3,.48,
307,6,1,.14,.199
307,6,2,.1,.2463333
307,6,3,.15,.235
307,7,1,.24,.31132
307,7,2,.2,.3224
307,7,3,.18,.2603333
308,10,1,.17,.772
308,10,2,.17,.37325
308,10,3,.17,.284
308,16,1,.41,
308,16,2,.42,
308,16,3,.39,
308,6,1,.14,.183875
308,6,2,.12,.1861
308,6,3,.15,.1525333
308,7,1,.24,.2883261
308,7,2,.24,.212
308,7,3,.27,.2406829
311,10,1,.05,.2410625
311,10,2,.05,.1976111
311,10,3,.05,.1885
311,16,1,.31,.31
311,16,2,.36,.3555
311,16,3,.32,.3229167
311,21,1,.93,.9340000000000001
311,21,2,.93,.9340000000000001
311,21,3,.93,.9340000000000001
311,4,1,4.08,4.32574
311,4,2,4.08,4.32574
311,4,3,4.08,4.32574
311,5,1,,15.70593
311,5,2,,15.70593
311,5,3,,15.70593
311,6,1,.11,.1050625
311,6,2,.11,.1050625
311,6,3,.11,.1050625
311,6A,1,.09,.1202188
311,6A,2,.09,.0925714
311,6A,3,.08,.1497556
311,6B,1,.13,.20565
311,6B,2,.11,.1223684
311,6B,3,.12,.1761163
311,7,1,.25,.2790323
311,7,2,.17,.167
311,7,3,.22,.2168372
312,10,1,.05,.2410625
312,10,2,.05,.1976111
312,10,3,.05,.1885
312,16,1,.31,.31
312,16,2,.36,.3555
312,16,3,.32,.3229167
312,21,1,.93,.9340000000000001
312,21,2,.93,.9340000000000001
312,21,3,.93,.9340000000000001
312,4,1,4.08,4.32574
312,4,2,4.08,4.32574
312,4,3,4.08,4.32574
312,5,1,,15.70593
312,5,2,,15.70593
312,5,3,,15.70593
312,6,1,.11,.1050625
312,6,2,.11,.1050625
312,6,3,.11,.1050625
312,6A,1,.09,.1202188
312,6A,2,.09,.0925714
312,6A,3,.08,.1497556
312,6B,1,.13,.20565
312,6B,2,.11,.1223684
312,6B,3,.12,.1761163
312,7,1,.25,.2790323
312,7,2,.17,.167
312,7,3,.22,.2168372
401,10,1,.8,.7802237
401,10,2,.8,.7802237
401,10,3,.8,.7802237
401,8,1,.25,
401,8,2,.31,
401,8,3,.29,
401,8A,1,.1,.1590317
401,8A,2,.14,.1168409
401,8A,3,.13,.1043023
401,8B,1,.25,.3560312
401,8B,2,.31,.1706875
401,8B,3,.29,.2257105
401,8C,1,.46,.6555484
401,8C,2,.55,.2497273
401,8C,3,.55,.4356571
401,9,1,.06,
401,9,2,.08,
401,9,3,.09,
401,9A,1,.04,.0403944
401,9A,2,.05,.0344179
401,9A,3,.03,.0406059
401,9B,1,.06,.0572537
401,9B,2,.08,.0598548
401,9B,3,.09,.0575758
401,9C,1,.14,.0899844
401,9C,2,.13,.1116038
401,9C,3,.14,.0962603
402,10,1,,.1262857
402,10,2,,.1262857
402,10,3,,.1262857
402,9,1,1.19,
402,9,2,1.79,
402,9,3,1.22,
402,9A,1,.8,.9923466
402,9A,2,1.09,.7427222
402,9A,3,.86,.9809125
402,9B,1,1.19,1.504493
402,9B,2,1.79,1.206559
402,9B,3,1.22,1.625935
402,9C,1,1.95,2.066439
402,9C,2,2.48,1.881218
402,9C,3,1.75,2.088875
403,10,1,.35,.4707895
403,10,2,.44,.1724
403,10,3,.17,.189125
403,8,1,.35,
403,8,2,.42,
403,8,3,.28,
403,8A,1,.11,.1312329
403,8A,2,.17,.1486216
403,8A,3,.16,.1325783
403,8B,1,.35,.2488
403,8B,2,.42,.264551
403,8B,3,.28,.2190167
403,8C,1,.54,.3180625
403,8C,2,.55,.4436316
403,8C,3,.48,.3685
403,9,1,,.1331429
403,9,2,,.0765
403,9,3,,.1033333
404,10,1,.4,
404,10,2,.28,
404,10,3,.28,
404,10A,1,.14,.0972593
404,10A,2,.11,.1205714
404,10A,3,.09,.070413
404,10B,1,.4,.2161379
404,10B,2,.28,.21025
404,10B,3,.28,.1532326
404,10C,1,.6899999999999999,.4289
404,10C,2,.52,.2779231
404,10C,3,.66,.2180286
404,7,1,,.213
404,7,2,,.213
404,7,3,,.213
404,8,1,.16,.127
404,8,2,.25,.151875
404,8,3,.27,.0989118
404,9,1,.03,.0275
404,9,2,.03,.0275
404,9,3,.03,.0275
405,10,1,.26,.23925
405,10,2,.26,.2394286
405,10,3,.27,.1744074
405,8,1,.12,.1688654
405,8,2,.27,.292
405,8,3,.25,.2247647
405,9,1,,.1099
405,9,2,,.173
405,9,3,,.1101304
406,10,1,,.1455714
406,10,2,,.14425
406,10,3,,.1153714
406,6,1,,.072
406,6,2,,.072
406,6,3,,.072
406,7,1,,.089
406,7,2,,.089
406,7,3,,.089
406,8,1,,.207
406,8,2,,.1757778
406,8,3,,.1525714
407,10,1,.4,.1377273
407,10,2,.28,.1543889
407,10,3,.28,.1122
407,10A,1,.14,
407,10A,2,.11,
407,10A,3,.09,
407,10B,1,.4,
407,10B,2,.28,
407,10B,3,.28,
407,10C,1,.6899999999999999,
407,10C,2,.52,
407,10C,3,.66,
407,8,1,,.2031111
407,8,2,,.1456
407,8,3,,.0576667
408,10,1,.44,.4385385
408,10,2,.44,.4392903
408,10,3,.49,.4858684
408,10A,1,.22,.2455376
408,10A,2,.28,.206881
408,10A,3,.28,.2070674
408,10B,1,.44,.3761625
408,10B,2,.44,.31185
408,10B,3,.49,.3289556
408,10C,1,.72,.5797662
408,10C,2,.68,.5232078
408,10C,3,.66,.4787288
408,21,1,6.16,6.156
408,21,2,6.16,6.156
408,21,3,6.16,6.156
408,4,1,,1
408,4,2,,1
408,4,3,,1
408,9,1,.12,.1195
408,9,2,.11,.1134091
408,9,3,.12,.1216667
408,9A,1,.09,.0723333
408,9A,2,.08,.0853158
408,9A,3,.08,.0831714
408,9B,1,.12,.0946191
408,9B,2,.11,.1173182
408,9B,3,.12,.1123951
408,9C,1,.17,.153913
408,9C,2,.18,.1725
408,9C,3,.18,.1548767
409,10,1,,1
409,10,2,,1
409,10,3,,1
409,21,1,.75,
409,21,2,1.22,
409,21,3,.59,
409,9,1,.77,.2647
409,9,2,.47,.1202727
409,9,3,.5600000000000001,.28095
410,9,1,1.94,
410,9,2,1.43,
410,9,3,1.63,
410,9A,1,1.51,1.088333
410,9A,2,.96,1.258706
410,9A,3,1.2,1.177692
410,9B,1,1.94,1.510667
410,9B,2,1.43,1.918437
410,9B,3,1.63,1.880727
410,9C,1,2.57,2.019778
410,9C,2,2.39,2.926308
410,9C,3,2.45,3.0322
411,10,1,.11,
411,10,2,.21,
411,10,3,.2,
411,10A,1,.09,.1333143
411,10A,2,.14,.101
411,10A,3,.13,.0801633
411,10B,1,.11,.2147778
411,10B,2,.21,.1465
411,10B,3,.2,.1332222
411,10C,1,.26,.1875652
411,10C,2,.25,.2058333
411,10C,3,.32,.2025312
411,16,1,.38,
411,16,2,.38,
411,16,3,.38,
411,9,1,.08,
411,9,2,.08,
411,9,3,.08,
411,9A,1,.04,.0257738
411,9A,2,.04,.0257738
411,9A,3,.04,.0257738
411,9B,1,.08,.0358077
411,9B,2,.08,.0358077
411,9B,3,.08,.0358077
411,9C,1,,.0326465
411,9C,2,,.0326465
411,9C,3,,.0326465
413,10,1,.38,.3768462
413,10,2,.36,.3572667
413,10,3,.23,.23
413,9,1,.19,.0683334
413,9,2,.19,.0683334
413,9,3,.19,.0683334
501,9,1,.07,.058
501,9,2,.06,.058
501,9,3,.06,.066
502,10,1,.19,
502,10,2,.19,
502,10,3,.19,
502,10A,1,.08,.084
502,10A,2,.06,.086
502,10A,3,.06,.0445
502,10B,1,.28,.4108636
502,10B,2,.17,.1712727
502,10B,3,.14,.1172
502,10C,1,1.22,.555
502,10C,2,.21,.1509
502,10C,3,.37,.106
502,10D,1,.08,.059127
502,10D,2,.08,.0711509
502,10D,3,.11,.0596667
502,10E,1,.25,.0881667
502,10E,2,.13,.0925192
502,10E,3,.15,.077961
502,10F,1,.75,.1406441
502,10F,2,.22,.1051935
502,10F,3,.19,.0928
502,9,1,.21,
502,9,2,.13,
502,9,3,.19,
502,9A,1,.08,.089
502,9A,2,.05,.08
502,9A,3,.04,.036
502,9B,1,.21,.2577083
502,9B,2,.13,.1641053
502,9B,3,.19,.1192075
502,9C,1,.84,.3522222
502,9C,2,.4,.2691875
502,9C,3,.36,.1545349
503,10,1,.34,
503,10,2,.34,
503,10,3,.34,
503,10A,1,.17,.5201052
503,10A,2,.29,.172
503,10A,3,.22,.15175
503,10B,1,.28,.6408
503,10B,2,.31,.1046667
503,10B,3,.33,.1367778
503,10C,1,.79,.8515
503,10C,2,.41,.157
503,10C,3,.37,.102
503,10D,1,.28,.21684
503,10D,2,.17,.1283333
503,10D,3,.22,.0777333
503,10E,1,.37,.1775667
503,10E,2,.29,.1355
503,10E,3,.44,.0707222
503,10F,1,.77,.3556
503,10F,2,.42,.765
503,10F,3,.64,.3882857
503,9,1,.44,
503,9,2,.37,
503,9,3,.41,
503,9A,1,.35,.6466364
503,9A,2,.19,.139625
503,9A,3,.28,.099973
503,9B,1,.44,.6752917000000001
503,9B,2,.37,.3370769
503,9B,3,.41,.1495161
503,9C,1,.77,.9763636999999999
503,9C,2,.71,.2777692
503,9C,3,.52,.3207369
504,9,1,,1.003402
504,9,2,,.9684
504,9,3,,.9953684
505,9,1,,1.000035
505,9,2,,.9052838
505,9,3,,1.004525
506,9,1,,1.028397
506,9,2,,.8609091
506,9,3,,.9494681
507,9,1,,.996
507,9,2,,1.341
507,9,3,,1.535
508,9,1,1.68,1.627918
508,9,2,1.53,1.35431
508,9,3,1.31,1.282182
509,9,1,,1.187282
509,9,2,,1.187282
509,9,3,,1.187282
511,10,1,.06,.0644
511,10,2,.08,.078
511,10,3,.04,.044
511,6,1,.07,.0747143
511,6,2,.1,.0958125
511,6,3,.06,.061
511,7,1,.16,.158875
511,7,2,.11,.1148571
511,7,3,.11,.11425
512,17,1,.18,.1824615
512,17,2,.16,.1601539
512,17,3,.18,.18445
513,10,1,,.1498044
513,10,2,,.1379655
513,10,3,,.1141184
513,10A,1,.07,
513,10A,2,.08,
513,10A,3,.07,
513,10B,1,.16,
513,10B,2,.14,
513,10B,3,.17,
513,9,1,.26,.036
513,9,2,.16,.044
513,9,3,.14,.0662241
513,9A,1,.04,
513,9A,2,.04,
513,9A,3,.05,
513,9B,1,.26,
513,9B,2,.16,
513,9B,3,.14,
513,9C,1,.32,
513,9C,2,.32,
513,9C,3,.32,
601,10,1,,.9041754
601,10,2,,.9041754
601,10,3,,.9041754
601,21,1,2.36,
601,21,2,2.36,
601,21,3,2.36,
601,4,1,3.78,3.7785
601,4,2,3.78,3.7785
601,4,3,3.78,3.7785
601,8,1,1.08,1.076
601,8,2,1.08,1.076
601,8,3,1.08,1.076
601,9,1,.18,
601,9,2,.19,
601,9,3,.3,
601,9A,1,.13,.1321136
601,9A,2,.11,.18165
601,9A,3,.22,.1529189
601,9B,1,.18,.137375
601,9B,2,.19,.228087
601,9B,3,.3,.2005385
601,9C,1,.3,.2134
601,9C,2,.32,.2689286
601,9C,3,.67,.2557419
602,10,1,,.609973
602,10,2,,.3332857
602,10,3,,.1573529
602,8,1,.46,
602,8,2,1.14,
602,8,3,1.28,
602,8A,1,.32,.50284
602,8A,2,.71,.4254043
602,8A,3,.78,.4839231
602,8B,1,.46,.7531795
602,8B,2,1.14,.73766
602,8B,3,1.28,.7579506
602,8C,1,1.18,1.040319
602,8C,2,1.99,1.18103
602,8C,3,2.1,1.151315
602,9,1,.17,
602,9,2,.16,
602,9,3,.18,
602,9A,1,.09,.0597333
602,9A,2,.07,.0793529
602,9A,3,.1,.0717347
602,9B,1,.17,.0918542
602,9B,2,.16,.1082632
602,9B,3,.18,.1301667
602,9C,1,.24,.1177381
602,9C,2,.26,.1017778
602,9C,3,.22,.2114
603,21,1,.79,.79
603,21,2,.52,.52
603,21,3,.25,.25
603,9,1,.18,.1599046
603,9,2,.14,.1599046
603,9,3,.22,.1599046
604,9,1,1.67,1.24421
604,9,2,.95,.3638572
604,9,3,.9399999999999999,.6879999999999999
605,9,1,1.41,1.577984
605,9,2,1.29,1.358947
605,9,3,.96,1.251585
606,21,1,1.62,1.6165
606,21,2,.87,.8705000000000001
606,21,3,.5,.4975
606,4,1,,.088
606,4,2,,.088
606,4,3,,.088
606,9,1,.08,.0781818
606,9,2,.09,.0853809
606,9,3,.14,.1434615
606,9A,1,.05,.129
606,9A,2,.07,.092
606,9A,3,.08,.084
606,9B,1,.08,.2455267
606,9B,2,.09,.2455267
606,9B,3,.14,.2455267
606,9C,1,.09,.17
606,9C,2,.12,.111
606,9C,3,.22,.112
607,9,1,.46,.3185
607,9,2,.41,.31
607,9,3,.4,.418
608,10,1,,.34375
608,10,2,,.3405
608,10,3,,.6278461
608,4,1,,2.345833
608,4,2,,2.728
608,4,3,,2.214333
608,6,1,,.5373333
608,6,2,,.127
608,6,3,,.1885455
608,7,1,,.2555
608,7,2,,.18675
608,7,3,,.3150625
608,9,1,.25,.2533333
608,9,2,.19,.1328
608,9,3,.31,.3284706
609,9,1,.1,.117
609,9,2,.14,.133
609,9,3,.12,.027
702,17,1,.45,
702,17,2,.44,
702,17,3,.39,
702,20,1,,.06925
702,20,2,,.061
702,20,3,,.1415
702,22,1,.06,.0724458
702,22,2,.04,.0698936
702,22,3,.09,.0691042
703,17,1,.26,
703,17,2,.36,
703,17,3,.33,
703,22,1,.12,.2234444
703,22,2,.05,.1074211
703,22,3,.25,.1785385
703,9,1,,.262
703,9,2,,.25
703,9,3,,.25
705,22,1,,.5034999999999999
705,22,2,,.447
705,22,3,,.845
706,22,1,,.163
706,22,2,,.1165
706,22,3,,.112
801,16,1,.21,
801,16,2,.48,
801,16,3,.34,
801,20,1,,.033294
801,20,2,,.033294
801,20,3,,.033294
801,22,1,.66,.4696
801,22,2,.1,.1258025
801,22,3,.33,.12292
801,6,1,.12,.1790263
801,6,2,.13,.224
801,6,3,.15,.1018571
801,7,1,.23,
801,7,2,.24,
801,7,3,.23,
801,9,1,1.02,.9496270999999999
801,9,2,.92,.86975
801,9,3,1.01,.9666167
802,22,1,,.258
802,22,2,,.4493333
802,22,3,,.4816667
802,9,1,1.29,1.142264
802,9,2,.83,.9220271
802,9,3,1.15,1.375147
803,22A,1,,.0245
803,22A,2,,.025
803,22A,3,,.025
803,22B,1,,.0415
803,22B,2,,.036
803,22B,3,,.036
803,22C,1,,.07
803,22C,2,,.0495
803,22C,3,,.052
810,10,1,.35,.3262083
810,10,2,.43,.2828205
810,10,3,.29,.3737879
810,16,1,.47,
810,16,2,.58,
810,16,3,.42,
810,20,1,,.1431053
810,20,2,,.1431053
810,20,3,,.1431053
810,22,1,.75,
810,22,2,.26,
810,22,3,.28,
810,6,1,.2,
810,6,2,.2,
810,6,3,.2,
810,6A,1,.19,.1961489
810,6A,2,.22,.1092
810,6A,3,.21,.1018788
810,6B,1,.17,.2508525
810,6B,2,.23,.19728
810,6B,3,.21,.1518158
810,7,1,.21,.3131818
810,7,2,.4,.2713478
810,7,3,.35,.2584074
810,9,1,.96,
810,9,2,.9399999999999999,
810,9,3,.23,
811,20,1,,.012
811,20,2,,.042
811,20,3,,.018
812,20,1,,.014
812,20,2,,.012
812,20,3,,.0135
820,9,1,.35,.2243
820,9,2,.31,.2950488
820,9,3,.32,.3037222
821,10,1,.33,.5004783
821,10,2,.24,.2038529
821,10,3,.28,.2963056
821,6,1,.21,.2267222
821,6,2,.23,.2093793
821,6,3,.22,.2368333
821,7,1,.32,.3691562
821,7,2,.32,.2546957
821,7,3,.25,.2619375
821,9,1,,.0191667
821,9,2,,.0715
821,9,3,,.2703333
822,9,1,.06,.0772326
822,9,2,.16,.0333333
822,9,3,.28,.0977692
823,9,1,.07,.0732
823,9,2,.08,.0816316
823,9,3,.1,.0613333
824,9,1,.1,.0956585
824,9,2,.05,.055981
824,9,3,.11,.0872941
825,9,1,.02,.0179524
825,9,2,.02,.0299574
825,9,3,.02,.0310739
826,9,1,.11,.0255
826,9,2,.02,.0448333
826,9,3,.09,.0413846
827,9,1,.06,.041635
827,9,2,.05,.0394026
827,9,3,.1,.0527889
828,9,1,.04,.0346667
828,9,2,.06,.04568
828,9,3,.05,.0436562
5021,10,1,.19,
5021,10,2,.19,
5021,10,3,.19,
5021,10A,1,.08,.084
5021,10A,2,.06,.086
5021,10A,3,.06,.0445
5021,10B,1,.28,.4108636
5021,10B,2,.17,.1712727
5021,10B,3,.14,.1172
5021,10C,1,1.22,.555
5021,10C,2,.21,.1509
5021,10C,3,.37,.106
5021,10D,1,.08,.059127
5021,10D,2,.08,.0711509
5021,10D,3,.11,.0596667
5021,10E,1,.25,.0881667
5021,10E,2,.13,.0925192
5021,10E,3,.15,.077961
5021,10F,1,.75,.1406441
5021,10F,2,.22,.1051935
5021,10F,3,.19,.0928
5021,9,1,.21,
5021,9,2,.13,
5021,9,3,.19,
5021,9A,1,.08,.089
5021,9A,2,.05,.08
5021,9A,3,.04,.036
5021,9B,1,.21,.2577083
5021,9B,2,.13,.1641053
5021,9B,3,.19,.1192075
5021,9C,1,.84,.3522222
5021,9C,2,.4,.2691875
5021,9C,3,.36,.1545349
5022,10,1,.19,
5022,10,2,.19,
5022,10,3,.19,
5022,10A,1,.08,.084
5022,10A,2,.06,.086
5022,10A,3,.06,.0445
5022,10B,1,.28,.4108636
5022,10B,2,.17,.1712727
5022,10B,3,.14,.1172
5022,10C,1,1.22,.555
5022,10C,2,.21,.1509
5022,10C,3,.37,.106
5022,10D,1,.08,.059127
5022,10D,2,.08,.0711509
5022,10D,3,.11,.0596667
5022,10E,1,.25,.0881667
5022,10E,2,.13,.0925192
5022,10E,3,.15,.077961
5022,10F,1,.75,.1406441
5022,10F,2,.22,.1051935
5022,10F,3,.19,.0928
5022,9,1,.21,
5022,9,2,.13,
5022,9,3,.19,
5022,9A,1,.08,.089
5022,9A,2,.05,.08
5022,9A,3,.04,.036
5022,9B,1,.21,.2577083
5022,9B,2,.13,.1641053
5022,9B,3,.19,.1192075
5022,9C,1,.84,.3522222
5022,9C,2,.4,.2691875
5022,9C,3,.36,.1545349
5023,10,1,.19,
5023,10,2,.19,
5023,10,3,.19,
5023,10A,1,.08,.084
5023,10A,2,.06,.086
5023,10A,3,.06,.0445
5023,10B,1,.28,.4108636
5023,10B,2,.17,.1712727
5023,10B,3,.14,.1172
5023,10C,1,1.22,.555
5023,10C,2,.21,.1509
5023,10C,3,.37,.106
5023,10D,1,.08,.059127
5023,10D,2,.08,.0711509
5023,10D,3,.11,.0596667
5023,10E,1,.25,.0881667
5023,10E,2,.13,.0925192
5023,10E,3,.15,.077961
5023,10F,1,.75,.1406441
5023,10F,2,.22,.1051935
5023,10F,3,.19,.0928
5023,9,1,.21,
5023,9,2,.13,
5023,9,3,.19,
5023,9A,1,.08,.089
5023,9A,2,.05,.08
5023,9A,3,.04,.036
5023,9B,1,.21,.2577083
5023,9B,2,.13,.1641053
5023,9B,3,.19,.1192075
5023,9C,1,.84,.3522222
5023,9C,2,.4,.2691875
5023,9C,3,.36,.1545349
5031,10,1,.34,
5031,10,2,.34,
5031,10,3,.34,
5031,10A,1,.17,.5201052
5031,10A,2,.29,.172
5031,10A,3,.22,.15175
5031,10B,1,.28,.6408
5031,10B,2,.31,.1046667
5031,10B,3,.33,.1367778
5031,10C,1,.79,.8515
5031,10C,2,.41,.157
5031,10C,3,.37,.102
5031,10D,1,.28,.21684
5031,10D,2,.17,.1283333
5031,10D,3,.22,.0777333
5031,10E,1,.37,.1775667
5031,10E,2,.29,.1355
5031,10E,3,.44,.0707222
5031,10F,1,.77,.3556
5031,10F,2,.42,.765
5031,10F,3,.64,.3882857
5031,9,1,.44,
5031,9,2,.37,
5031,9,3,.41,
5031,9A,1,.35,.6466364
5031,9A,2,.19,.139625
5031,9A,3,.28,.099973
5031,9B,1,.44,.6752917000000001
5031,9B,2,.37,.3370769
5031,9B,3,.41,.1495161
5031,9C,1,.77,.9763636999999999
5031,9C,2,.71,.2777692
5031,9C,3,.52,.3207369
5032,10,1,.34,
5032,10,2,.34,
5032,10,3,.34,
5032,10A,1,.17,.5201052
5032,10A,2,.29,.172
5032,10A,3,.22,.15175
5032,10B,1,.28,.6408
5032,10B,2,.31,.1046667
5032,10B,3,.33,.1367778
5032,10C,1,.79,.8515
5032,10C,2,.41,.157
5032,10C,3,.37,.102
5032,10D,1,.28,.21684
5032,10D,2,.17,.1283333
5032,10D,3,.22,.0777333
5032,10E,1,.37,.1775667
5032,10E,2,.29,.1355
5032,10E,3,.44,.0707222
5032,10F,1,.77,.3556
5032,10F,2,.42,.765
5032,10F,3,.64,.3882857
5032,9,1,.44,
5032,9,2,.37,
5032,9,3,.41,
5032,9A,1,.35,.6466364
5032,9A,2,.19,.139625
5032,9A,3,.28,.099973
5032,9B,1,.44,.6752917000000001
5032,9B,2,.37,.3370769
5032,9B,3,.41,.1495161
5032,9C,1,.77,.9763636999999999
5032,9C,2,.71,.2777692
5032,9C,3,.52,.3207369
5033,10,1,.34,
5033,10,2,.34,
5033,10,3,.34,
5033,10A,1,.17,.5201052
5033,10A,2,.29,.172
5033,10A,3,.22,.15175
5033,10B,1,.28,.6408
5033,10B,2,.31,.1046667
5033,10B,3,.33,.1367778
5033,10C,1,.79,.8515
5033,10C,2,.41,.157
5033,10C,3,.37,.102
5033,10D,1,.28,.21684
5033,10D,2,.17,.1283333
5033,10D,3,.22,.0777333
5033,10E,1,.37,.1775667
5033,10E,2,.29,.1355
5033,10E,3,.44,.0707222
5033,10F,1,.77,.3556
5033,10F,2,.42,.765
5033,10F,3,.64,.3882857
5033,9,1,.44,
5033,9,2,.37,
5033,9,3,.41,
5033,9A,1,.35,.6466364
5033,9A,2,.19,.139625
5033,9A,3,.28,.099973
5033,9B,1,.44,.6752917000000001
5033,9B,2,.37,.3370769
5033,9B,3,.41,.1495161
5033,9C,1,.77,.9763636999999999
5033,9C,2,.71,.2777692
5033,9C,3,.52,.3207369
5121,10,1,,.1498044
5121,10,2,,.1379655
5121,10,3,,.1141184
5121,10A,1,.07,
5121,10A,2,.08,
5121,10A,3,.07,
5121,10B,1,.16,
5121,10B,2,.14,
5121,10B,3,.17,
5121,9,1,.26,.036
5121,9,2,.16,.044
5121,9,3,.14,.0662241
5121,9A,1,.04,
5121,9A,2,.04,
5121,9A,3,.05,
5121,9B,1,.26,
5121,9B,2,.16,
5121,9B,3,.14,
5121,9C,1,.32,
5121,9C,2,.32,
5121,9C,3,.32,
5122,10,1,,.1498044
5122,10,2,,.1379655
5122,10,3,,.1141184
5122,10A,1,.07,
5122,10A,2,.08,
5122,10A,3,.07,
5122,10B,1,.16,
5122,10B,2,.14,
5122,10B,3,.17,
5122,9,1,.26,.036
5122,9,2,.16,.044
5122,9,3,.14,.0662241
5122,9A,1,.04,
5122,9A,2,.04,
5122,9A,3,.05,
5122,9B,1,.26,
5122,9B,2,.16,
5122,9B,3,.14,
5122,9C,1,.32,
5122,9C,2,.32,
5122,9C,3,.32,
5123,10,1,,.1498044
5123,10,2,,.1379655
5123,10,3,,.1141184
5123,10A,1,.07,
5123,10A,2,.08,
5123,10A,3,.07,
5123,10B,1,.16,
5123,10B,2,.14,
5123,10B,3,.17,
5123,9,1,.26,.036
5123,9,2,.16,.044
5123,9,3,.14,.0662241
5123,9A,1,.04,
5123,9A,2,.04,
5123,9A,3,.05,
5123,9B,1,.26,
5123,9B,2,.16,
5123,9B,3,.14,
5123,9C,1,.32,
5123,9C,2,.32,
5123,9C,3,.32,
